{"cameraMode":{"drawMode":0,"name":"Shaded","section":"Shading Mode"},"sceneLighting":false,"audioPlay":false,"sceneViewState":{"m_AlwaysRefresh":false,"showFog":true,"showSkybox":false,"showFlares":true,"showImageEffects":true,"showParticleSystems":true,"showVisualEffectGraphs":true,"m_FxEnabled":true},"in2DMode":false,"pivot":{"x":-1.4233169555664063,"y":-4.019124984741211,"z":0.056794166564941409},"rotation":{"x":0.23169195652008058,"y":-0.4369244873523712,"z":0.11753691732883454,"w":0.8611860871315002},"size":12.180130958557129,"orthographic":false}