{"cameraMode":{"drawMode":0,"name":"Shaded","section":"Shading Mode"},"sceneLighting":false,"audioPlay":false,"sceneViewState":{"m_AlwaysRefresh":false,"showFog":true,"showSkybox":false,"showFlares":true,"showImageEffects":true,"showParticleSystems":true,"showVisualEffectGraphs":true,"m_FxEnabled":true},"in2DMode":false,"pivot":{"x":0.000431060791015625,"y":-0.3074999153614044,"z":0.00096893310546875},"rotation":{"x":-0.264737069606781,"y":-0.26833948493003847,"z":0.07695407420396805,"w":-0.9230419397354126},"size":12.003772735595704,"orthographic":true}